{"cameraMode":{"drawMode":0,"name":"Shaded","section":"Shading Mode"},"sceneLighting":false,"audioPlay":false,"sceneViewState":{"m_AlwaysRefresh":false,"showFog":false,"showSkybox":false,"showFlares":false,"showImageEffects":false,"showParticleSystems":false,"showVisualEffectGraphs":true,"m_FxEnabled":true},"in2DMode":false,"pivot":{"x":-0.08467229455709458,"y":1.0745065212249756,"z":-1.2613701820373536},"rotation":{"x":-0.006428570486605167,"y":0.9882948398590088,"z":-0.14633433520793916,"w":-0.04331858083605766},"size":1.4037976264953614,"orthographic":false}