{"cameraMode":{"drawMode":0,"name":"Shaded","section":"Shading Mode"},"sceneLighting":false,"audioPlay":false,"sceneViewState":{"m_AlwaysRefresh":false,"showFog":true,"showSkybox":false,"showFlares":true,"showImageEffects":true,"showParticleSystems":true,"showVisualEffectGraphs":true,"m_FxEnabled":true},"in2DMode":false,"pivot":{"x":0.0009168684482574463,"y":-0.1784048080444336,"z":0.23253627121448518},"rotation":{"x":0.29704904556274416,"y":0.009136758744716645,"z":-0.0020066534634679558,"w":0.9551757574081421},"size":0.3964250981807709,"orthographic":false}