{"cameraMode":{"drawMode":0,"name":"Shaded","section":"Shading Mode"},"sceneLighting":false,"audioPlay":false,"sceneViewState":{"m_AlwaysRefresh":false,"showFog":true,"showSkybox":false,"showFlares":true,"showImageEffects":true,"showParticleSystems":true,"showVisualEffectGraphs":true,"m_FxEnabled":true},"in2DMode":false,"pivot":{"x":-0.6453490257263184,"y":0.35313960909843447,"z":-2.6243948936462404},"rotation":{"x":-0.11312863975763321,"y":0.7907963395118713,"z":-0.15369868278503419,"w":-0.5817484855651856},"size":1.3543709516525269,"orthographic":false}